日付,曜日,千代田,葛飾,杉並,北,大田,青梅,八王子,多摩,町田,立川,府中,小平
2014/1/10,金,0,0,0,0,0,0.1,0,0,0,0,0,0
2014/1/11,土,0,0.3,0,0,0,0.1,0,0,0,0,0,0
2014/1/12,日,0,0,0,0,0.3,0.1,0,0,0,0,0,0
2014/1/13,月,0,0,0,0,0,0.1,0,0,0,0,0,0
2014/1/14,火,0.3,0,0,0,0,0,0,0,0,0,0,0
2014/1/15,水,0,0,0,0,0,0,0,0,0,0,0,0
2014/1/16,木,0.3,0,0,0,0.3,0,0,0,0,0,0,0
2014/1/17,金,0,0,0,0,0,0,0,0,0,0,0,0
2014/1/18,土,0,0,0,0,0,0,0,0,0,0,0,0
2014/1/19,日,0,0,0,0,0,0,0,0,0,0,0,0
2014/1/20,月,0,0,0.3,0,0,0,0,0,0.9,0,0,0
2014/1/21,火,0,0,0,0,0,0,0,0,0.3,0,0,0
2014/1/22,水,0,0,0,0,0,0,0,0,0,0,0,0
2014/1/23,木,0,0,0,0,0.3,0.3,0,0,0,0,0,0
2014/1/24,金,0,0,0,0.3,0,0,0,0,0,0,0,0
2014/1/25,土,0,0,0,0.3,0.3,0,0,0,0,0,0,0
2014/1/26,日,0,0,0,0.3,0,0,0,0,0,0,0,0
2014/1/27,月,0,0,0,0,0,0,0,0.3,0.3,0,0,0
2014/1/28,火,0,0,0,0,0,0,0,0,0,0,0,0
2014/1/29,水,0,0,0,0,0.3,0.6,0,0,0,0,0,0.3
2014/1/30,木,0.3,0,0.3,0,0,0,0,0,0,0,0,0.3
2014/1/31,金,0,0,0,0,0,0.2,0,0.2,0,0,0,0
2014/2/1,土,0,0,0,0,0.6,0.2,0,0.2,0,0,0,0
2014/2/2,日,1.5,0,0.6,0.3,2.1,0.2,0,0.2,0,0,0,0
2014/2/3,月,6.8,4.6,4,4,7.4,0,0,2.8,1.2,2.5,1.2,2.2
2014/2/4,火,0,0.3,0,0.3,1.5,0.9,0,0,0.3,0,0,0.6
2014/2/5,水,0,0,0,0.3,0.3,0.9,0.6,0,0,0,0,0
2014/2/6,木,0,0,0.3,0.3,0,0.6,0,0,0,0,0,0
2014/2/7,金,0,0,0,0,0,0,0.1,0,0,0,0,0
2014/2/8,土,0,0,0,0,0,0,0.1,0,0,0,0,0
2014/2/9,日,0,0,0,0,0,0,0.1,0,0,0,0,0
2014/2/10,月,0,0.3,0,0,0,0,0,0,0.2,0,0.2,0
2014/2/11,火,0,0.3,0,0,0,0,0,0,0.2,0,0.2,0
2014/2/12,水,0.3,0,0,0,0,0.3,0,0,0,0,0,0
2014/2/13,木,0,0.3,0,0,0.3,0,0,0,0,0,0,0
2014/2/14,金,0,0,0.3,0,0.3,0,0.2,0.6,0.6,0,0.1,0.1
2014/2/15,土,0,0,0.9,0.3,0,0,0.2,0.6,0.6,0,0.1,0.1
2014/2/16,日,0.6,0,0,0,0.3,0,0.2,0.6,0.6,0,0.1,0.1
2014/2/17,月,1.2,1.2,1.5,3.4,3.4,0,0.9,0,3.1,2.5,0.9,0.3
2014/2/18,火,0,0,0,0,0.3,0.3,1.2,0,0.3,0.6,0,0
2014/2/19,水,0,0.3,0,0,0,0.9,1.2,0,0,0.3,0.6,0
2014/2/20,木,0.9,0.9,0.3,0,0,1.5,0.3,0,0,1.2,0,0
2014/2/21,金,1.9,0.6,0.6,0.3,0.6,1,0.6,2,0,0.1,0,0.7
2014/2/22,土,1.2,1.2,1.2,0,0.3,1,0.6,2,0,0.1,0,0.7
2014/2/23,日,2.2,1.5,1.5,1.2,4.3,1,0.6,2,0,0.1,0,0.7
2014/2/24,月,12.3,14.2,9,12.3,14.8,4.9,6.5,3.9,2.2,9,0.6,1.2
2014/2/25,火,17,0.9,2.2,1.5,4.3,15,7.1,5.2,2.8,4.6,0.8,0.9
2014/2/26,水,18.8,16,12.3,24.1,23.5,20.4,21.3,5.6,35.8,9,5.9,6.8
2014/2/27,木,5.2,6.2,4.6,12,2.2,9.6,2.2,3.4,0.6,13.6,1.7,4
2014/2/28,金,12,43.5,26.2,15.7,17.6,10.9,8.5,21.5,9.8,16.4,5.5,2
2014/3/1,土,4.9,7.7,2.2,1.9,12,10.9,8.5,21.5,9.8,16.4,5.5,2
2014/3/2,日,0.3,0.9,0.3,0.3,0,10.9,8.5,21.5,9.8,16.4,5.5,2
2014/3/3,月,12.7,28.1,14.8,9.3,10.5,141.5,90.7,75,14.2,63.3,7.1,6.2
2014/3/4,火,38.9,27.2,80.9,40.1,94.8,64.5,34.1,49.5,42.3,43.2,31.2,21
2014/3/5,水,30.6,10.2,80.2,29,35.8,65.7,29,112,50.9,77.5,15.1,12
2014/3/6,木,5.2,7.4,9.6,6.5,5.2,27.8,28.1,45.4,24.1,11.4,4,1.9
2014/3/7,金,11.4,2.2,18.5,6.5,11.4,48.4,28.8,71.2,33.3,13.4,16.8,15.9
2014/3/8,土,11.1,10.8,24.7,7.1,11.1,48.4,28.8,71.2,33.3,13.4,16.8,15.9
2014/3/9,日,24.1,33.6,53.7,24.7,24.1,48.4,28.8,71.2,33.3,13.4,16.8,15.9
2014/3/10,月,21,14.8,49.7,15.4,25.3,32.7,25,27.2,9.6,18.8,9.3,11.4
2014/3/11,火,28.7,31.8,27.8,23.5,23.1,50.2,44.1,30.9,37.7,8,22.6,13.9
2014/3/12,水,83,114.8,92.6,108,75.6,108.4,79,57.7,106.5,77.5,67.6,21.6
2014/3/13,木,44.8,56.5,75.6,21.3,21,152.8,134,218.5,58.1,100.9,79.3,36.1
2014/3/14,金,37.3,29.6,67.3,42.6,75.9,151.9,216.6,127.4,85.4,100.9,25.7,43.1
2014/3/15,土,21.3,15.4,36.4,24.4,28.7,151.9,216.6,127.4,85.4,100.9,25.7,43.1
2014/3/16,日,67.9,58.3,102.2,116.7,87.3,151.9,216.6,127.4,85.4,100.9,25.7,43.1
2014/3/17,月,64.5,106.5,113.6,36.7,95.1,172.8,93.8,52.3,52.8,95.4,183,54.3
2014/3/18,火,92.9,62.7,97.2,34.3,63.9,430.5,256.8,148.5,160.8,113.6,91.6,55.9
2014/3/19,水,8.6,3.4,38,17.9,14.2,21,18.5,14.8,10.8,14.2,8.3,9.6
2014/3/20,木,61.1,38.3,104.6,125.9,35.8,63,66.3,47.9,110.2,53.3,108.6,46.5
2014/3/21,金,129.9,77.8,140.7,154.9,82.4,63,66.3,47.9,110.2,53.3,108.6,46.5
2014/3/22,土,9.8,48.1,17.6,9.6,8.3,63,66.3,47.9,110.2,53.3,108.6,46.5
2014/3/23,日,19.1,25.9,34.2,21.3,38.6,63,66.3,47.9,110.2,53.3,108.6,46.5
2014/3/24,月,32.7,67,72.9,197.5,77.5,77.5,51.5,69.4,75.3,41.4,94.8,76.8
2014/3/25,火,121.3,174.7,123.2,20.7,70.4,83,92.9,72.2,167.9,5.2,43.2,99.1
2014/3/26,水,54,61.1,67,0.9,34.3,41,9.6,37.5,70.4,47.8,35.5,5.2
2014/3/27,木,22.2,54,41.4,20.7,34,67,29.9,12.6,12.7,14.2,33.9,32.4
2014/3/28,金,117.7,108.3,137.7,126.9,195.1,81.3,56.3,181.6,26.9,38.8,53.9,24
2014/3/29,土,216,200.7,235.2,238.5,133,81.3,56.3,181.6,26.9,38.8,53.9,24
2014/3/30,日,154,46.9,167,104.1,81.5,81.3,56.3,181.6,26.9,38.8,53.9,24
2014/3/31,月,124.1,75,105.5,56.5,83.6,156.5,401.5,101.8,81.8,20.7,40.7,59.3
2014/4/1,火,25,68.5,105.5,24.1,20.7,37.3,27.4,35.2,22.9,41.4,14.8,5.6
2014/4/2,水,2.7,5.9,27.5,4.3,4.6,63.6,33.3,5.8,5.6,18.2,5.9,4.7
2014/4/3,木,1.5,2.5,11.8,4.7,5,4.7,0.6,1.8,0,1.5,0,0.9
2014/4/4,金,235.2,121.3,234.9,69.2,226.2,245.5,83.3,195.2,69.1,6.5,79.5,54.9
2014/4/5,土,179.1,193.2,231.1,226.9,279.3,245.5,83.3,195.2,69.1,6.5,79.5,54.9
2014/4/6,日,11.1,17.3,15.7,16.1,14.5,245.5,83.3,195.2,69.1,6.5,79.5,54.9
2014/4/7,月,14.2,16.7,18.9,22.5,16.7,5.2,23.6,17.6,16.6,13.9,10.5,13.9
2014/4/8,火,22.6,35.2,38.3,23.5,32.7,328.6,28.4,37.1,34.2,30.5,21.6,13.6
2014/4/9,水,63.9,74.1,48.2,33.1,109.5,67.9,80.3,25.3,22.9,9.6,21.8,16.7
2014/4/10,木,164.9,140.1,157.7,55.5,129.1,186.1,2.8,139.8,79.4,4.6,49.2,45.7
2014/4/11,金,113.3,39.2,102.8,19.2,124.4,6.4,27.8,40.6,23.5,22.2,14.2,9.2
2014/4/12,土,8.3,7.1,8.9,4,10.8,6.4,27.8,40.6,23.5,22.2,14.2,9.2
2014/4/13,日,4.9,10.5,8.7,13.6,7.7,6.4,27.8,40.6,23.5,22.2,14.2,9.2
2014/4/14,月,9.2,12.6,12,5.2,5.5,16.7,5.2,16.9,7.4,3.1,11.2,8.9
2014/4/15,火,116.7,191.2,170.4,103.4,244.8,114.5,119.4,55.3,147.2,31.2,80,76.9
2014/4/16,水,139.2,102.8,149.4,136.7,205.2,35.2,66.7,55.5,96.6,20.7,57.4,53.4
2014/4/17,木,121.6,165.4,158.6,177.5,90.7,75.9,54.3,11.7,38.3,59.3,17,32.7
2014/4/18,金,5.5,4.3,1.5,4,1.2,3.8,1,3.2,2.3,1.8,1.7,2.4
2014/4/19,土,4.3,9.6,5.3,8.3,8,3.8,1,3.2,2.3,1.8,1.7,2.4
2014/4/20,日,1.5,3.8,0.6,1.9,1.2,3.8,1,3.2,2.3,1.8,1.7,2.4
2014/4/21,月,2.5,1.8,2.2,0.3,2.8,3.4,3.1,3.4,1.2,0.6,2.3,2.1
2014/4/22,火,8.1,3.4,4.3,2.8,1.2,5.1,1.2,1.5,0.6,1.2,1.7,5.6
2014/4/23,水,23.4,9,25.9,17,20.3,1.9,5.2,12,24.7,7.4,6.8,7.8
2014/4/24,木,13.3,54.6,28.4,33.7,8,17.6,4.3,16.3,9.6,4.6,12.6,9
2014/4/25,金,39.5,61.1,53.7,29.9,47.8,30,5.6,17.8,19.2,2.8,18.5,8.7
2014/4/26,土,4.6,10.5,6.8,7.1,2.8,30,5.6,17.8,19.2,2.8,18.5,8.7
2014/4/27,日,4.3,14.5,17.3,9.9,4.3,30,5.6,17.8,19.2,2.8,18.5,8.7
2014/4/28,月,13.6,9.9,22.2,10.8,12,5,1.6,5,3.7,1.7,0.3,2.2
2014/4/29,火,6.5,4.6,4.6,8,2.8,5,1.6,5,3.7,1.7,0.3,2.2
2014/4/30,水,7.1,5.2,4,4.3,6.5,1.9,0,0.9,0.3,0.6,0.3,0.6
2014/5/1,木,4.9,3.1,3.4,4,3.7,2.8,1.9,7.4,1.2,0,1.8,0.3
2014/5/2,金,17,6.2,8,5.2,4.6,6.7,1.7,9.6,4.3,1.8,1.5,2.8
2014/5/3,土,1.5,9.6,8.3,13.3,9.4,6.7,1.7,9.6,4.3,1.8,1.5,2.8
2014/5/4,日,0.6,2.8,2.2,0.6,2.2,6.7,1.7,9.6,4.3,1.8,1.5,2.8
2014/5/5,月,0.6,0.3,1.2,3.1,0,6.7,1.7,9.6,4.3,1.8,1.5,2.8
2014/5/6,火,0.6,0.3,0.6,0.3,0.3,6.7,1.7,9.6,4.3,1.8,1.5,2.8
2014/5/7,水,0,0.6,0,0.6,0.6,2.8,0.3,1.2,2.4,0.3,0.6,1.8
2014/5/8,木,0.6,0.9,1.5,0.3,0.3,0.9,0,0.6,0.6,0.9,0,1.2
2014/5/9,金,1.8,6.2,1.5,5.9,2.2,3.3,0,1.2,0.5,0.3,0.5,0.5
2014/5/10,土,0,1.2,0.6,0.3,0.6,3.3,0,1.2,0.5,0.3,0.5,0.5
2014/5/11,日,0.3,0,0.3,0,0,3.3,0,1.2,0.5,0.3,0.5,0.5
2014/5/12,月,1.2,0.3,0.9,0.9,1.5,0.3,0,1.5,0.3,0,0.3,0
2014/5/13,火,0,0,0.3,0.3,0.9,0.3,0,0.3,0.6,0,0,0.3
2014/5/14,水,0.3,0.3,0.3,0.3,0,0,0,0,0.3,0,0,0
2015/1/10,土,0,0,0,0,0,0.2,0.1,0,0,0,0,0
2015/1/11,日,0.3,0.3,0,1.2,0,0.2,0.1,0,0,0,0,0
2015/1/12,月,0,0,0,0,0,0.2,0.1,0,0,0,0,0
2015/1/13,火,0,0,0,0,0.6,0,0,0,0,0,0,0
2015/1/14,水,0,0,0,0,0,0,0,0,0,0,0,0
2015/1/15,木,0,0.3,0,0,0,0,0,0,0,0,0,0
2015/1/16,金,0.3,0,0.3,0,0,0,0,0,0,0,0,0
2015/1/17,土,0,0,0.3,0.3,0,0,0,0,0,0,0,0
2015/1/18,日,0,0,0,0,0,0,0,0,0,0,0,0
2015/1/19,月,0,0,0,0,0,0,0,0,0,0,0,0
2015/1/20,火,0,0,0,0,0,0,0,0,0,0,0,0
2015/1/21,水,0,0,0,0,0,0,0,0,0,0,0,0
2015/1/22,木,0,0,0,0,0,0,0,0,0,0,0,0
2015/1/23,金,0,0,0,0,0,0,0.1,0,0,0,0,0
2015/1/24,土,0,0,0,0.3,0,0,0.1,0,0,0,0,0
2015/1/25,日,0,0.3,0,0,0,0,0.1,0,0,0,0,0
2015/1/26,月,0,0.3,0,0,0,0,0,0,0.3,0,0,0
2015/1/27,火,0,0,0,0,0,0,0,0,0,0,0,0
2015/1/28,水,0,0,0,0,0,0,0.3,0,0,0,0,0
2015/1/29,木,0,0,0,0,0,0,0,0,0.3,0,0,0
2015/1/30,金,0,0,0,0,0,0,0,0,0,0,0,0
2015/1/31,土,0,0,0,0,0,0,0,0,0,0,0,0
2015/2/1,日,0,0,0,0,0,0,0,0,0,0,0,0
2015/2/2,月,0,0,0,0,0.3,0.3,0.3,0,0,0,0,0
2015/2/3,火,0,0,0,0,0,0,0,0,0,0,0,0
2015/2/4,水,0,0,0,0,0.3,0,0,0,0.3,0,0,0
2015/2/5,木,0,0,0,0,0,0,0,0,0,0,0,0
2015/2/6,金,0,0,0,0,0,0,0.2,0,0,0,0.1,0
2015/2/7,土,0,0.6,0,0,0.3,0,0.2,0,0,0,0.1,0
2015/2/8,日,0,0,0.6,0,1.2,0,0.2,0,0,0,0.1,0
2015/2/9,月,1.5,0.9,2.2,1.5,0.9,0.3,0.6,0.9,0,0,0,0.6
2015/2/10,火,0.9,0,0.6,0.6,2.8,0,0,0.6,0.2,0.2,0.2,0
2015/2/11,水,4.3,2.2,0.9,1.2,0,0,0,0.6,0.2,0.2,0.2,0
2015/2/12,木,7.7,12,11.4,10.2,11.7,1.5,0.6,2.2,2.2,0,6.5,7.4
2015/2/13,金,3.7,2.2,0.6,1.5,0.6,0.8,0.6,3.4,0.6,0.1,0.8,0.5
2015/2/14,土,0.6,0.9,0.6,0,1.5,0.8,0.6,3.4,0.6,0.1,0.8,0.5
2015/2/15,日,1.9,0.3,1.5,0.3,0.6,0.8,0.6,3.4,0.6,0.1,0.8,0.5
2015/2/16,月,0.6,0.3,0.3,0.9,0.6,0,0.9,1.9,0.6,0.6,0,0.3
2015/2/17,火,0,0,0,0,0.3,0,0,0,0.9,0,0,0
2015/2/18,水,0.3,0.3,0,0,0,0,0,0,0.3,0,0,0
2015/2/19,木,1.9,1.2,0.6,0.9,0.9,2.5,0,3.4,2.2,0.9,0.3,3.1
2015/2/20,金,2.5,5.6,1.9,2.5,1.9,12,6.6,4.4,1.4,2,3.5,2.8
2015/2/21,土,20.4,11.4,10.8,9.9,14.2,12,6.6,4.4,1.4,2,3.5,2.8
2015/2/22,日,0.9,0.3,0.9,0.9,0.9,12,6.6,4.4,1.4,2,3.5,2.8
2015/2/23,月,105,105.9,69.4,77.2,157.4,19.4,16.7,25,18.8,9.9,15.7,13.3
2015/2/24,火,172,194.1,140.4,160.5,171.3,32.7,114.8,189.5,144.8,40.7,46.6,49.7
2015/2/25,水,108.3,138,84.9,114.5,76.5,40.4,48.5,85.5,23.8,27.2,23.8,17.9
2015/2/26,木,12,13,48.1,28.4,40.1,13.3,2.8,16,12.7,3.4,4.6,13
2015/2/27,金,89.2,75.6,117,54.3,88.9,115.1,52.2,86.8,57.2,30.8,29.5,8.5
2015/2/28,土,30.9,43.2,18.8,45.1,18.8,115.1,52.2,86.8,57.2,30.8,29.5,8.5
2015/3/1,日,82.7,33,104.9,85.8,76.2,115.1,52.2,86.8,57.2,30.8,29.5,8.5
2015/3/2,月,115.1,121.9,121.9,144.1,124.1,155.2,121.9,114.8,46.3,57.1,77.2,9.6
2015/3/3,火,100.3,65.1,89.5,53.1,125.6,68.5,24.1,29,48.8,2.8,35.8,6.2
2015/3/4,水,338.3,313.3,366,260.5,347.5,471.6,882.4,535.2,176.9,396.6,170.4,63.3
2015/3/5,木,161.4,247.2,101,欠測,29.3,325.3,267.9,453.7,198.5,298.8,74.4,28.7
2015/3/6,金,116.4,108,102.2,欠測,124.4,30.9,24.7,27.6,25.9,10.9,12.3,13.5
2015/3/7,土,6.5,9.3,3.7,欠測,4.6,30.9,24.7,27.6,25.9,10.9,12.3,13.5
2015/3/8,日,112,98.1,40.4,欠測,81.2,30.9,24.7,27.6,25.9,10.9,12.3,13.5
2015/3/9,月,85.8,189.2,65.7,136.4,21.6,182.4,16,35.5,21.6,44.7,16.6,25.3
2015/3/10,火,284,125.9,219.1,402.2,362,313.3,525.6,512.3,192.9,96.6,156.4,311.4
2015/3/11,水,97.5,5.6,111.7,115.7,77.5,93.8,90.7,174.1,103.4,56.8,53.4,43.8
2015/3/12,木,77.2,76.5,110.5,288.6,59.6,38.2,69.3,52.8,20,50.9,35.2,27.5
2015/3/13,金,67.3,69.4,76.5,100.3,29.6,54.8,33.8,57.6,5.9,28.7,27.1,24
2015/3/14,土,81.2,118.2,102.2,111.5,77.2,54.8,33.8,57.6,5.9,28.7,27.1,24
2015/3/15,日,64.5,83.3,38.3,68.2,78.4,54.8,33.8,57.6,5.9,28.7,27.1,24
2015/3/16,月,13,133.5,12.3,17,97.7,21.3,15.4,11.7,29,34.6,4.6,15.1
2015/3/17,火,75.6,133.5,118.9,90.7,97.7,95,100.6,109.5,134.2,43.5,64.2,71.9
2015/3/18,水,81.5,64.5,55.5,71.3,51.5,39.5,50.6,65.4,74.4,22.8,51.8,25.6
2015/3/19,木,19.7,18.2,15.4,37.4,16,41.4,9.9,44.1,25,12,22.5,10.5
2015/3/20,金,156.5,245.7,186.1,135.2,152,104.9,81.6,133.1,68.4,77.5,103.4,66.8
2015/3/21,土,239.8,217.9,202.8,189.5,173.6,104.9,81.6,133.1,68.4,77.5,103.4,66.8
2015/3/22,日,406.2,405.3,409.6,346.3,336.5,104.9,81.6,133.1,68.4,77.5,103.4,66.8
2015/3/23,月,292.6,287.3,309.6,396.6,155.5,180.3,112.1,204.9,192.6,36.7,54.7,90.4
2015/3/24,火,143.2,71,158.1,129.3,170.4,155.9,110.2,64.5,91,81.8,88.5,68.9
2015/3/25,水,38.5,29,21,18.9,23.2,30,14.5,49.4,35.8,22.8,20.8,20
2015/3/26,木,17.9,23.5,28.7,25.6,45,53.4,39.5,26.3,19.7,19.7,24.7,16.4
2015/3/27,金,61.4,56.8,113.5,60.5,85.2,99.2,91.8,59.2,70.5,19,74.7,10
2015/3/28,土,156.5,109.9,145,179,119.1,99.2,91.8,59.2,70.5,19,74.7,10
2015/3/29,日,116,109.9,140.7,150.3,136.9,99.2,91.8,59.2,70.5,19,74.7,10
2015/3/30,月,43.2,49.7,74.4,50,27.1,99.4,48.8,38.9,64.2,29.9,24.7,10.8
2015/3/31,火,206.4,115.8,283.7,159.8,153.1,222.5,117.9,160.5,174.7,29,103.4,58
2015/4/1,水,94.2,66.3,51.2,54.6,46.3,107.1,34.6,32.4,71.9,6.2,57.4,10.8
2015/4/2,木,11.4,5.2,11.7,8.3,11.2,23.1,7.1,23.7,15.1,0.6,6.8,6.2
2015/4/3,金,30.3,15.2,36.1,30,26.8,37.9,3.2,17.7,28.6,3.6,21.6,13.1
2015/4/4,土,10.5,6,12.1,15.5,10.2,37.9,3.2,17.7,28.6,3.6,21.6,13.1
2015/4/5,日,0.9,2.2,8,5.3,2.8,37.9,3.2,17.7,28.6,3.6,21.6,13.1
2015/4/6,月,19.4,8,12.6,21.3,12.9,22.8,11.7,5.3,9.6,5.8,5.3,3.4
2015/4/7,火,14.8,6.9,12.9,21.6,5.6,5.5,1.8,2.1,3.4,0.6,0.9,0.3
2015/4/8,水,1.8,1.6,3.1,6.2,1.5,8.6,0.6,4,2.4,3.4,0.9,2.1
2015/4/9,木,8.8,15.1,8.3,14.5,7.4,2.1,15.2,1.2,2.5,1.5,2.1,1.5
2015/4/10,金,3.6,6.6,16.9,3.4,3.1,6.3,0.4,1,1.3,0.5,1.1,1.2
2015/4/11,土,5.4,9.5,7.7,6.5,6.7,6.3,0.4,1,1.3,0.5,1.1,1.2
2015/4/12,日,1.4,2.4,0.6,4.6,0.6,6.3,0.4,1,1.3,0.5,1.1,1.2
2015/4/13,月,12.9,24.3,37.7,22.8,60.8,1.5,1.2,0.6,3.1,0.3,0.3,0
2015/4/14,火,1.2,0.3,0.6,0,0.3,0.6,1.5,0.9,2.8,1.8,1.2,0
2015/4/15,水,5,8.8,4,5.2,8.6,14.5,7.1,0.9,3.1,7.4,5.9,0.9
2015/4/16,木,6.5,7.1,7.4,8.3,11.4,2.8,1.5,2.5,2.5,1.2,1.8,1.5
2015/4/17,金,10.5,4.9,6.5,12.3,5.5,1.1,3.3,2.7,4,0.9,0.7,2.6
2015/4/18,土,10.2,5.5,12.6,7.1,7.1,1.1,3.3,2.7,4,0.9,0.7,2.6
2015/4/19,日,2.8,3.4,3.4,2.5,0.9,1.1,3.3,2.7,4,0.9,0.7,2.6
2015/4/20,月,13,3.1,7.7,12.7,12.4,3.1,0.6,2.7,3.1,2.8,0,0
2015/4/21,火,6.2,4.6,4,5.5,2.2,0.9,2.2,3.4,1.8,3.1,1.2,1.5
2015/4/22,水,1.5,4,1.5,1.2,0.9,0.9,0.3,2.4,0.6,0.9,0.6,1.9
2015/4/23,木,4.9,11.4,4.3,6.4,4.3,2.8,0.6,4,0.9,1.8,0.6,2.5
2015/4/24,金,0.9,3.1,1.8,3.4,0,0.1,0.8,2.1,0.5,1.9,1.7,1
2015/4/25,土,2.2,2.8,3.1,2.5,2.4,0.1,0.8,2.1,0.5,1.9,1.7,1
2015/4/26,日,1.2,0.9,0.6,1.2,1.2,0.1,0.8,2.1,0.5,1.9,1.7,1
2015/4/27,月,0.9,1.9,0.9,2.8,0.6,0,0.6,1.5,0,1.2,0.9,1.5
2015/4/28,火,0.3,0.6,0.3,0.3,0.6,0.5,0.2,0.5,0.2,0.3,0.9,0.3
2015/4/29,水,0,0,0,0,0,0.5,0.2,0.5,0.2,0.3,0.9,0.3
2015/4/30,木,0.6,0,0.3,0.3,0.3,0.3,1.8,0,0,0,0.3,0.9
2015/5/1,金,0.3,0.3,0,0,0,0,0.9,0.2,0.2,0.9,0.4,0.6
2015/5/2,土,0,0.3,0,0,0,0,0.9,0.2,0.2,0.9,0.4,0.6
2015/5/3,日,0,0,0.3,0.3,0,0,0.9,0.2,0.2,0.9,0.4,0.6
2015/5/4,月,0.3,0.3,0.9,0,0.3,0,0.9,0.2,0.2,0.9,0.4,0.6
2015/5/5,火,0.6,0.6,0.3,0,0,0,0.9,0.2,0.2,0.9,0.4,0.6
2015/5/6,水,0,0,0,0,0,0,0.9,0.2,0.2,0.9,0.4,0.6
2015/5/7,木,0,0.3,0,0.6,0.9,0.3,0.6,0.3,0,0.6,0.6,0
2015/5/8,金,0.3,0.3,0.6,0,0,0.7,0.2,0.2,0,0.7,0.1,0.7
2015/5/9,土,0,0,0.3,0,1.2,0.7,0.2,0.2,0,0.7,0.1,0.7
2015/5/10,日,0.3,0,0.6,0.9,0.9,0.7,0.2,0.2,0,0.7,0.1,0.7
2016/1/10,日,1.9,0,0,0,0,0,0,0,0.1,0,0,0
2016/1/11,月,0.6,0,0,0,0,0,0,0,0.1,0,0,0
2016/1/12,火,0,0,0,0,0,0,0,0,0,0,0,0
2016/1/13,水,0.3,0,0,0,0,0,0,0,0,0,0,0
2016/1/14,木,0.3,0,0,0,0,0,0,0,0,0,0,0
2016/1/15,金,0,0,0,0,0,0.1,0,0,0,0,0,0.1
2016/1/16,土,0,0,0,0,0,0.1,0,0,0,0,0,0.1
2016/1/17,日,0,0,0,0,0,0.1,0,0,0,0,0,0.1
2016/1/18,月,0,0,0,0,4.6,0,0,0,0,0,0,0
2016/1/19,火,0,0,0.6,0.3,0.6,0,0,0.3,0.6,0,0,0.3
2016/1/20,水,0,0,0,0.9,0,0.3,0,0,0,0,0.3,0
2016/1/21,木,0.3,0,0.3,0,0.6,0,0,0,0,0,0,0
2016/1/22,金,0,0,0,0,0,0,0,0,0,0,0,0.1
2016/1/23,土,0,0,0,0,0,0,0,0,0,0,0,0.1
2016/1/24,日,0,0.3,0.6,0,0.9,0,0,0,0,0,0,0.1
2016/1/25,月,0,0,0,0.3,0,0,0,0,0,0,0,0
2016/1/26,火,0,0,0,0,0,0,0,0,0,0,0,0
2016/1/27,水,0,0,0.3,0,0,0,0,0,0,0,0,0
2016/1/28,木,0,0.3,0,0,0,0,0,0,0,0,0,0
2016/1/29,金,0.3,0.3,0,0.3,0,0,0,0,0,0,0,0
2016/1/30,土,0,0,0,0,0,0,0,0,0,0,0,0
2016/1/31,日,0,0,0,0,0,0,0,0,0,0,0,0
2016/2/1,月,0,0,0,0,0,0,0,0,0,0,0,0
2016/2/2,火,0,0,0,0,0,0,0,0,0,0,0,0
2016/2/3,水,0,0,0,0.6,0,0.3,0,0,0,0,0,0
2016/2/4,木,0,0,0,0,0,0,0,0,0,0,0,0
2016/2/5,金,0,0,0,0,0,0.1,0,0,0,0,0,0.1
2016/2/6,土,0,0,0.3,0.3,0,0.1,0,0,0,0,0,0.1
2016/2/7,日,0.3,0,0,0,0,0.1,0,0,0,0,0,0.1
2016/2/8,月,0,0,0,0.3,0,0.3,0,0.3,0,0,0,0.3
2016/2/9,火,0.6,0.9,2.2,0.6,1.9,0.6,0,0.9,0.3,0,0,0.6
2016/2/10,水,0.3,0,0.3,0.6,0,0,0,0.2,0,0,0.1,0
2016/2/11,木,0.3,0,0,0,0,0,0,0.2,0,0,0.1,0
2016/2/12,金,0.6,0.6,0,0,0,0,0,0,0,0,0.1,0
2016/2/13,土,2.5,1.5,1.2,2.8,1.5,26.5,4,0.6,2.2,1.3,0.8,0.4
2016/2/14,日,10.8,13,13,7.7,10.2,177.2,26.6,4,14.5,8.6,4.6,2.4
2016/2/15,月,11.7,12,5.6,3.4,6.2,54.3,7.3,10.2,12.3,23.5,13.9,11.7
2016/2/16,火,31.2,24.4,44.1,22.5,27.5,31.5,9,16.4,18.8,6.5,10.2,9.6
2016/2/17,水,3.7,0.6,10.8,2.2,5.2,34,3.4,13,8.6,2.8,7.7,1.5
2016/2/18,木,8.6,5.2,4.6,4,9.6,6.5,1.5,4.6,4.9,3.7,1.9,1.5
2016/2/19,金,36.2,33.1,22.5,29,61.7,75.9,18.4,26.5,13.3,38.5,23.3,13
2016/2/20,土,13.6,1.9,14.8,7.7,9.3,75.9,18.4,26.5,13.3,38.5,23.3,13
2016/2/21,日,18.5,0.6,52.2,15.4,71.1,75.9,18.4,26.5,13.3,38.5,23.3,13
2016/2/22,月,22.4,24.2,20.1,24.1,23.8,26.2,13.3,20.7,19.4,1.5,6.5,1.9
2016/2/23,火,105.5,89.3,88.9,80,126.5,164.2,161.3,63.6,54,55.9,38.3,12
2016/2/24,水,21.1,37,129.6,28.1,47.8,24.4,43.2,47.8,17.9,5.9,14.2,1.2
2016/2/25,木,24,47.8,70.1,133,36.7,63.3,24.7,24.5,26.5,9.9,9.1,8.3
2016/2/26,金,37.1,121,54.6,100.6,70.7,91.9,104.1,91.5,50.5,70.3,57.1,35.8
2016/2/27,土,108.9,97.2,144.1,131.5,103.7,91.9,104.1,91.5,50.5,70.3,57.1,35.8
2016/2/28,日,108.9,97.2,144.1,131.5,103.7,91.9,104.1,91.5,50.5,70.3,57.1,35.8
2016/3/1,火,10.4,68.5,91.4,0.3,97.8,125.3,46,48.5,32.7,60.2,77.2,16.7
2016/3/2,水,22,80.2,81.5,0.9,88,99.1,77.8,37.7,33,99.8,28.1,24.4
2016/3/3,木,134.3,119.8,51.5,120.7,137.3,275.3,152.5,83,34,36.1,46,23.8
2016/3/4,金,93.5,138,111.4,122.8,155.2,172.2,71.4,93.1,8.3,21,32.3,22.2
2016/3/5,土,100.6,117.6,103.7,97,142.3,172.2,71.4,93.1,8.3,21,32.3,22.2
2016/3/6,日,84,22.5,36.1,20.7,61.1,172.2,71.4,93.1,8.3,21,32.3,22.2
2016/3/7,月,14.2,4.9,2.5,2.5,0.9,18.5,2.5,1.2,1.9,1.9,1.9,0.3
2016/3/8,火,144.8,167,242,230,282.4,1275.9,454,628.4,463.6,315.1,289.5,231.8
2016/3/9,水,32.4,74.1,91.7,98.7,135.5,489.5,107.7,106.5,134.5,163.3,195,165.5
2016/3/10,木,179,123.4,110.8,163.9,157.7,159.3,48.1,119.9,30.2,94.1,73.9,132.4
2016/3/11,金,89,29,20.5,18.2,14.2,28.3,27.6,15.1,9.7,10,17.1,5.9
2016/3/12,土,35.6,28.4,19.6,75,36.1,28.3,27.6,15.1,9.7,10,17.1,5.9
2016/3/13,日,9.9,6.5,4.5,13,7.7,28.3,27.6,15.1,9.7,10,17.1,5.9
2016/3/14,月,63.3,69.1,30.5,31.5,36.1,221.3,71.9,61.7,55.3,92.6,34,54
2016/3/15,火,114.5,109.3,137.5,134.9,144.4,731.2,343.8,369.4,323.7,177.6,373.1,97.8
2016/3/16,水,112.9,118.8,197.2,105.9,113.3,162,118.3,58.7,182.4,88,128.4,77.2
2016/3/17,木,24.4,27.8,84.3,45.1,21.6,78.1,38.6,31.8,56.5,16.1,6.8,10.2
2016/3/18,金,37.4,104,136.7,51.5,85.2,174.9,226,199.8,64.7,100.9,69.6,35.9
2016/3/19,土,84.5,147.5,148.4,116.4,111.7,174.9,226,199.8,64.7,100.9,69.6,35.9
2016/3/20,日,118.9,244.7,283.4,284.6,200.9,174.9,226,199.8,64.7,100.9,69.6,35.9
2016/3/21,月,136.1,139.2,121,141,146,174.9,226,199.8,64.7,100.9,69.6,35.9
2016/3/22,火,132.1,200.4,211.7,148.5,180.5,140.1,63.9,90.8,86.7,103.1,70.9,61.2
2016/3/23,水,144.1,135.5,122.8,125.6,139.2,169.1,67.3,121.3,81.5,21,43.5,41.1
2016/3/24,木,54.3,109.3,34.8,66.7,44.4,100.9,33.3,51.9,30.6,40.8,41.3,13.6
2016/3/25,金,94.1,89.8,103.4,119.4,120.1,52.9,45.7,85.1,34.8,12.9,16.6,8
2016/3/26,土,38.2,17.5,10.9,9.3,11.2,52.9,45.7,85.1,34.8,12.9,16.6,8
2016/3/27,日,31.4,20.3,10.2,20.1,10.5,52.9,45.7,85.1,34.8,12.9,16.6,8
2016/3/28,月,213,209.9,109.2,132.7,90.1,116.1,41.5,75,71.3,22.6,50.6,50.6
2016/3/29,火,30.3,173.4,107.4,161.8,185.8,104.3,35.2,75.6,37,40.4,52.2,28.4
2016/3/30,水,286.2,398.1,245.7,154,259.9,727.8,399.7,253.4,125.3,178.3,54.7,47.6
2016/3/31,木,155.5,132.1,118.8,92.9,84.9,497.6,87.5,91,29.6,13.9,31.8,17.6
2016/4/1,金,87.3,139.8,81.2,123.8,83.6,109.6,10,18.5,2.4,2.6,3.7,5.1
2016/4/2,土,6.8,19.4,7.8,9.8,1.8,109.6,10,18.5,2.4,2.6,3.7,5.1
2016/4/3,日,23.4,6.4,4.6,9,3.1,109.6,10,18.5,2.4,2.6,3.7,5.1
2016/4/4,月,137.9,102.8,116.7,127.2,128.7,212.7,55.9,17.3,98.8,36.4,0.3,38.2
2016/4/5,火,31.8,87.7,74.3,64.8,68.8,112.4,70.1,30.2,53.7,12.4,49.4,57.7
2016/4/6,水,24,38.9,83,19.5,33.9,730.5,102,45.7,57.1,8.1,1.5,31.5
2016/4/7,木,43.5,106.7,118.9,32.4,26,374.7,71,128.7,188.8,27.5,80.9,52.1
2016/4/8,金,117.1,274.7,79.6,153.4,127.5,488.7,108.3,116.4,74.4,73.7,32.1,34.5
2016/4/9,土,101.5,215.1,197.5,160.2,186.4,488.7,108.3,116.4,74.4,73.7,32.1,34.5
2016/4/10,日,55.9,261.1,225.7,263.2,175.2,488.7,108.3,116.4,74.4,73.7,32.1,34.5
2016/4/11,月,29.9,126.2,86.8,95.7,196.9,519.2,318.5,229.6,106.1,62.7,53.7,23.3
2016/4/12,火,14.8,29.3,29,24.1,14.5,26,12.6,20,20.3,10.5,12,11.4
2016/4/13,水,35.2,11.4,11.5,5.2,9.3,18.8,6.8,1.2,17.6,2.1,1.5,0.6
2016/4/14,木,34.6,26.8,77.2,24,120.7,322.8,70.1,66.4,40.8,3.7,28.7,31.8
2016/4/15,金,24.1,27.8,31.5,20,37.7,60.2,7.9,3.8,0.8,0.3,1.7,3.4
2016/4/16,土,14.2,12,13.6,13.9,15.1,60.2,7.9,3.8,0.8,0.3,1.7,3.4
2016/4/17,日,8.9,9,4.3,3.1,9.3,60.2,7.9,3.8,0.8,0.3,1.7,3.4
2016/4/18,月,19.1,13.1,11.7,12,9,31.5,15.4,11.4,11.4,9.5,2.5,6.8
2016/4/19,火,7.7,4.6,13.3,5.9,10.8,8.9,1.2,8.6,4,0,5.6,4.3
2016/4/20,水,7.1,9.7,9.3,8.3,2.8,13.9,16.9,11.1,4.3,6.2,4.9,4.3
2016/4/21,木,4.6,3.4,4.3,3.1,2.4,4.9,2.7,2.2,0.3,1.5,0.3,5.9
2016/4/22,金,3.4,6.8,5.2,3.4,1.9,8.5,1.1,2.4,0.8,0.7,3.4,0.6
2016/4/23,土,5.8,7.7,9.6,4.9,4.6,8.5,1.1,2.4,0.8,0.7,3.4,0.6
2016/4/24,日,0.9,1.8,3.4,0.6,2.8,8.5,1.1,2.4,0.8,0.7,3.4,0.6
2016/4/25,月,1.2,1.5,3.1,1.2,1.5,2.5,6,0.9,1.2,0.3,0.3,1.2
2016/4/26,火,4.6,0.9,3.7,2.2,0.3,10.5,4,1.5,0.6,0,1.2,0.9
2016/4/27,水,0.9,1.5,6.2,1.5,0.3,8.1,2.2,0.9,0,0,1.2,0.3
2016/4/28,木,2.8,4,2.2,1.5,0.3,8.2,0.2,2.4,3,0.4,4.5,1.1
2016/4/29,金,2.8,1.5,1.2,2.8,1.8,8.2,0.2,2.4,3,0.4,4.5,1.1
2016/4/30,土,1.5,6.2,1.2,2.2,1.5,8.2,0.2,2.4,3,0.4,4.5,1.1
2016/5/1,日,3.1,0.6,2.8,0.9,1.2,8.2,0.2,2.4,3,0.4,4.5,1.1
2016/5/2,月,0.3,0.3,0.3,0,1.2,1.2,0.9,0.5,0.2,0.6,0.2,0.2
2016/5/3,火,3.1,0.6,4.7,1.5,0.6,1.2,0.9,0.5,0.2,0.6,0.2,0.2
2016/5/4,水,0.6,0.6,2.2,0.6,0.6,1.2,0.9,0.5,0.2,0.6,0.2,0.2
2016/5/5,木,0.9,0,0.3,0.6,0.9,1.2,0.9,0.5,0.2,0.6,0.2,0.2
2016/5/6,金,0.3,0,0,0.3,0.6,2.2,0.3,0.5,0.3,0.2,0.4,0
2016/5/7,土,0,0.3,0,0.6,0.6,2.2,0.3,0.5,0.3,0.2,0.4,0
2016/5/8,日,0,0,0.3,0.3,0,2.2,0.3,0.5,0.3,0.2,0.4,0
2016/5/9,月,0,0,0,0,0.3,1.9,2.5,0,0,0.3,0.6,0
2016/5/10,火,0,0,0,0,0,0,1.7,0,0,0,0,0
2017/1/10,火,0,0,0,0,0,0,0,0,0,0,0,0
2017/1/11,水,0,0,0,0,0,0,0,0,0,0,0,0
2017/1/12,木,0,0,0,0,0.3,0,0,0,0,0,0,0
2017/1/13,金,0,0,0,0,0,0,0,0,0,0,0,0
2017/1/14,土,0,0,0,0,0,0,0,0,0,0,0,0
2017/1/15,日,0,0,0,0,0,0,0,0,0,0,0,0
2017/1/16,月,0,0,0,0,0,0,0,0,0,0,0,0
2017/1/17,火,0,0,0,0,0,0,0,0,0,0,0,0
2017/1/18,水,0,0,0,0,0,0,0,0,0,0,0,0
2017/1/19,木,0,0.3,0.3,0,0,0,0,0,0,0,0,0
2017/1/20,金,0.3,0,0,0,0,0,0,0,0,0,0,0
2017/1/21,土,0,0,0,0,0,0,0,0,0,0,0,0
2017/1/22,日,0,0,0,0,0.6,0,0,0,0,0,0,0
2017/1/23,月,0,0.3,0,0,0.3,0,0,0,0,0,0,0
2017/1/24,火,0,0,0,0,0,0.3,0,0,0,0,0,0
2017/1/25,水,0,0,0,0,0,0,0,0,0,0,0,0
2017/1/26,木,1.2,0,0,0.3,0,0,0.6,0,0,0,0,0
2017/1/27,金,0,0,0,0,0,0.1,0,0,0,0,0,0
2017/1/28,土,0,0,0,0,0,0.1,0,0,0,0,0,0
2017/1/29,日,0,0,0,0,0,0.1,0,0,0,0,0,0
2017/1/30,月,1.2,0,0,0,0.3,0.3,0,0.3,0,0,0,0.3
2017/1/31,火,0,0,0,0,0.3,0,0.3,0,0,0,0,0
2017/2/1,水,0,0,0.3,0.3,0,0,0,0,0,0,0,0
2017/2/2,木,0,0,0,0.6,0,0.3,0,0,0.6,0,0,0.3
2017/2/3,金,0,0,0,0.3,0.3,0.1,0.2,0.1,0.1,0.1,0,0
2017/2/4,土,0,0,0.3,0.3,0.3,0.1,0.2,0.1,0.1,0.1,0,0
2017/2/5,日,0,0,0,0,0,0.1,0.2,0.1,0.1,0.1,0,0
2017/2/6,月,0.3,0,0,0,0.6,0.3,0,0.6,0,1.5,1.2,0.2
2017/2/7,火,0.6,0.9,0.6,0,0.6,1.5,0.3,0,0,0.3,0.3,0
2017/2/8,水,0.3,0,0.3,0,0,0,0.2,0.3,0,0.6,0,0.2
2017/2/9,木,0,0,0,0,0,0,0.3,0,0,0,0,0
2017/2/10,金,0,0.6,0,0.3,0.6,0.4,0.3,0.1,0.1,0,0.4,0.3
2017/2/11,土,0.6,0,1.2,1.5,1.5,1.4,1,0.3,0.3,0.1,1.3,1
2017/2/12,日,0,0.6,1.2,1.2,1.2,1.2,0.9,0.2,0.2,0.1,1.1,0.9
2017/2/13,月,0.6,0.3,0.3,0.3,0,4,0.9,0.3,0.6,0.9,0.3,0
2017/2/14,火,0.9,0.6,0.6,0.3,1.2,1.5,0.9,0.6,0,1.5,0,0.9
2017/2/15,水,0.3,0,0.3,0,0.3,2.2,1.2,2.5,0.9,1.2,0.3,0.2
2017/2/16,木,21,9,13.3,17.6,16.4,15.1,6.2,17.6,17.6,10.2,12.7,9.7
2017/2/17,金,14.7,51.9,16.4,19.4,5.6,131.1,48.1,30.6,30.8,26.6,13.2,2.9
2017/2/18,土,15.7,67.6,9.3,21.2,17,131.1,48.1,30.6,30.8,26.6,13.2,2.9
2017/2/19,日,17,15.7,30.9,36,21.3,131.1,48.1,30.6,30.8,26.6,13.2,2.9
2017/2/20,月,8.6,6.5,53.7,31.7,14.5,99.1,34.6,42.9,29.9,15.4,26.2,7.4
2017/2/21,火,20.1,5,17.3,9,23.5,45.7,13.3,20.4,9.9,5.6,9,4.9
2017/2/22,水,8.3,3.7,9.3,10.5,6.2,22.2,5.2,4.5,5.2,3.1,9.6,2.8
2017/2/23,木,13.3,18.2,29.9,34.6,12.7,247.8,132.7,66.4,23.8,34.6,49.1,17.6
2017/2/24,金,16,31.8,18.5,15.9,26.5,74.4,65,21,12.3,21.7,21.5,16
2017/2/25,土,13.6,17,44.8,16.5,20.4,74.4,65,21,12.3,21.7,21.5,16
2017/2/26,日,49.7,107.4,94.4,52.7,54.6,74.4,65,21,12.3,21.7,21.5,16
2017/2/27,月,173.5,128.1,123.1,92.4,112,123.4,77.5,39.5,40.4,33.6,34,25.9
2017/2/28,火,16,35.8,20.4,43.2,16.7,17.6,9.3,8,4.3,5.2,4.9,4
2017/3/1,水,2.5,11.1,6.2,5.2,4.6,8.3,8.8,4.3,4.3,7.4,0,2.8
2017/3/2,木,58,88.6,99.7,152.2,12.3,34.6,17,9.6,2.8,19.4,2.8,13.9
2017/3/3,金,150,159.6,161.4,130,124.1,169,95.5,79.2,58,76.7,106.7,43.6
2017/3/4,土,155.2,144.8,117.3,123.7,120.4,169,95.5,79.2,58,76.7,106.7,43.6
2017/3/5,日,116.4,142.9,160.2,92,112.7,169,95.5,79.2,58,76.7,106.7,43.6
2017/3/6,月,105.2,107.1,127.5,107.4,91.4,790.7,284.6,145.1,56.2,103.7,146.9,50.9
2017/3/7,火,101.5,85.5,142.6,90.1,126.5,295.7,228.9,218.5,142.6,195.7,274.1,48.6
2017/3/8,水,86.1,73.5,102.8,3.4,87.7,71,71.3,25.9,45.7,24.7,78.1,30.7
2017/3/9,木,36.7,31.8,54.3,34.3,43.5,34.3,39.7,17.6,17.3,28.1,14.8,9.6
2017/3/10,金,75.6,78.1,106.5,123.5,95.7,90.7,64.8,56.3,49.6,79.9,16.2,24
2017/3/11,土,36.1,73.1,147.8,105.2,84.9,90.7,64.8,56.3,49.6,79.9,16.2,24
2017/3/12,日,19.4,19.1,21.9,21.3,26.2,90.7,64.8,56.3,49.6,79.9,16.2,24
2017/3/13,月,14.8,10.5,10.8,7.4,5.2,18.2,12,11.7,13,51.2,2.8,6.3
2017/3/14,火,52.5,121.6,97.5,92.6,44.8,26.5,21.6,36.1,29.3,6.2,7.7,8.9
2017/3/15,水,55.2,96.6,94.1,91.7,85.5,72.8,45.5,19.1,15.1,36.4,26.5,54.5
2017/3/16,木,177.1,148.5,168.2,145.7,78.4,168.8,141,37,52.8,42.6,58,73.2
2017/3/17,金,173.7,212.9,172,187,155.5,157.3,72.4,48.2,55.7,30.6,59.8,23.8
2017/3/18,土,94.5,116.4,109.3,166.4,111.1,157.3,72.4,48.2,55.7,30.6,59.8,23.8
2017/3/19,日,129.6,172.6,180.9,80.2,156.8,157.3,72.4,48.2,55.7,30.6,59.8,23.8
2017/3/20,月,110.5,55,67,103.4,58.1,157.3,72.4,48.2,55.7,30.6,59.8,23.8
2017/3/21,火,83.3,54.9,106.5,134.6,84.2,172.5,53.1,59.3,52.2,42.3,83,37.1
2017/3/22,水,129.9,125,143.2,84.3,136.1,83.9,93.2,83.9,38,53.4,101.3,29
2017/3/23,木,40.1,81.8,37,186.5,40.1,26.9,24.4,15.1,14.8,14.8,46.6,8.8
2017/3/24,金,36.4,66.4,51,81.1,48.8,16.3,20.8,6.6,19.8,8.8,1.1,5.8
2017/3/25,土,10.8,13,16.6,13.5,12.6,16.3,20.8,6.6,19.8,8.8,1.1,5.8
2017/3/26,日,35.5,8.9,24.4,20,35.2,16.3,20.8,6.6,19.8,8.8,1.1,5.8
2017/3/27,月,12,43.7,10.5,7.7,7.7,37.9,33.9,9.9,13,10.2,16.1,13
2017/3/28,火,8.6,7.1,10.2,20.4,16.6,31.1,12.2,7.1,13.9,16.4,5.5,9.7
2017/3/29,水,14.8,38.3,20.4,13.9,16.9,26.3,26.7,24.7,25.6,28.4,4.6,10.8
2017/3/30,木,127.2,92.6,235.5,151.5,105.3,179,152,125.3,86.4,136.4,27.5,48.1
2017/3/31,金,35.2,46.6,35.2,56.5,11.2,27.2,15.6,14.9,6.6,10.6,4.5,1.4
2017/4/1,土,25.4,24,23.1,42.3,18.8,27.2,15.6,14.9,6.6,10.6,4.5,1.4
2017/4/2,日,56.8,21.9,12.7,109.9,57.4,27.2,15.6,14.9,6.6,10.6,4.5,1.4
2017/4/3,月,31.1,34.6,43.5,25.6,34.5,53.1,32.7,25,33.4,17.3,1.5,24.4
2017/4/4,火,35.8,30.5,17.2,23.7,24.7,48.1,34.3,22.3,20.6,17,3.1,6.1
2017/4/5,水,30.9,16.7,45.7,36.2,23.4,35.5,26.6,18.2,15.8,32.1,24.4,5.6
2017/4/6,木,43.2,16.1,40.4,64.8,21.4,41.7,33.4,37,15.4,11.8,15.4,26.6
2017/4/7,金,2.4,5.3,4.3,5,2.8,32.2,16.1,11.3,4.4,9.9,10.6,13
2017/4/8,土,1.8,5.9,6.1,4,0.6,32.2,16.1,11.3,4.4,9.9,10.6,13
2017/4/9,日,27.8,61.4,36.4,53.4,52.5,32.2,16.1,11.3,4.4,9.9,10.6,13
2017/4/10,月,12.6,15.5,17.6,15.8,15.5,11.8,12.7,7.1,11.5,1.5,4.6,6.5
2017/4/11,火,4.4,6.4,8.6,6.8,2.8,7.7,2.7,0,1.9,0.6,0.9,4.3
2017/4/12,水,27.8,32.7,34.6,42.6,35.2,43.2,66.3,24.1,42.6,17.3,45,17.6
2017/4/13,木,220,282.4,39.2,173.7,249.7,76.2,63,46.3,70,50.3,86.4,94.6
2017/4/14,金,298.8,166.6,275.9,218.2,188,12.5,61.2,11.3,76.2,35.1,7.4,41.3
2017/4/15,土,207.1,83.3,192,123.5,97.2,12.5,61.2,11.3,76.2,35.1,7.4,41.3
2017/4/16,日,73.5,48.2,57.4,28.7,48.5,12.5,61.2,11.3,76.2,35.1,7.4,41.3
2017/4/17,月,7.4,8.6,31.8,27.4,17,15.4,5.7,2.8,10.5,38.2,4,5.5
2017/4/18,火,54,38,107.4,91.4,44.7,46,40.7,36.4,84,35.2,62,13.7
2017/4/19,水,66.1,76.5,46.3,79.6,71.3,27.8,72.9,19.1,25.8,19.1,32.1,15.1
2017/4/20,木,5.2,10.5,10.5,6.5,5.5,13.3,3,3.4,5.2,2.2,11.7,2.2
2017/4/21,金,2.5,1.5,4.3,3.7,6.8,4.1,1.4,1.8,1.6,2.3,1.8,1.4
2017/4/22,土,2.2,3.4,2.5,2.5,2.5,4.1,1.4,1.8,1.6,2.3,1.8,1.4
2017/4/23,日,3.1,2.4,2.5,0.3,0.9,4.1,1.4,1.8,1.6,2.3,1.8,1.4
2017/4/24,月,2.8,1.8,1.5,1.8,1.2,10.8,1.9,2.2,6.2,2.2,2.5,1.2
2017/4/25,火,1.5,0.9,2.2,2.5,1.5,4.9,3.1,1.2,3.4,3.4,3.1,3.7
2017/4/26,水,3.1,0.9,4,2.5,2.4,3.4,4.6,4,15.1,5.2,46.9,2.8
2017/4/27,木,0.3,2.5,1.5,2.2,1.8,2.1,2.6,1.2,1.5,2.1,※,0
2017/4/28,金,0.6,0.6,1.5,0.6,1.5,8.2,11.2,6.2,5.8,6.2,4.2,12
2017/4/29,土,3.7,7.1,6.2,3.7,2.1,8.2,11.2,6.2,5.8,6.2,4.2,12
2017/4/30,日,5.2,4.9,8,2.2,6.5,8.2,11.2,6.2,5.8,6.2,4.2,12
2017/5/1,月,1.9,3.7,3.4,1.5,1.9,10.2,4.9,1.5,10.5,4,9.2,4
2017/5/2,火,0.6,0.6,0.9,0,0,1.4,2,2.2,0.9,0.6,0.9,1.3
2017/5/3,水,0.3,0,0,0.6,0,1.4,2,2.2,0.9,0.6,0.9,1.3
2017/5/4,木,0.9,0.6,0.9,0,0,1.4,2,2.2,0.9,0.6,0.9,1.3
2017/5/5,金,1.5,0,2.2,2.5,1.9,1.4,2,2.2,0.9,0.6,0.9,1.3
2017/5/6,土,2.5,1.5,3.4,1.2,0.9,1.4,2,2.2,0.9,0.6,0.9,1.3
2017/5/7,日,0.6,5.8,1.5,0,0.3,1.4,2,2.2,0.9,0.6,0.9,1.3
2017/5/8,月,1.5,0.3,2.5,0.6,1.8,0.6,2.5,1.5,6.8,1.2,2.2,0.6
2017/5/9,火,0.9,0.6,1.2,0,1.2,3.1,0.6,0.6,0.3,1.2,0.9,0
2017/5/10,水,0,0.3,0,0,0,0,0.9,0,0,0.9,0.3,0
2018/1/10,水,0,0.3,0,0,0,0,0.3,0.3,0,0,0,0.3
2018/1/11,木,0,0,0,0,0,0,0,0,0,0,0,0
2018/1/12,金,0,0,0,0,0,0,0,0,0,0,0,0
2018/1/13,土,0,0,0,0,0,0,0,0,0,0,0,0
2018/1/14,日,0.3,0,0,0,0,0,0,0,0,0,0,0
2018/1/15,月,0,0,0,0.3,0,0,0,0,0,0,0,0
2018/1/16,火,0,0,0,0,0,0,0,0,0,0,0,0
2018/1/17,水,0.3,0,0,0,0,0,0,0,0,0,0,0
2018/1/18,木,0,0,0,0,0,0,0,0,0,0,0,0
2018/1/19,金,0,0.3,0,0,0,0,0,0,0,0,0,0
2018/1/20,土,0,0,0,0,0,0,0,0,0,0,0,0
2018/1/21,日,0,0,0,0,0,0,0,0,0,0,0,0
2018/1/22,月,0,0,0,0,0,0.3,0,0,0,0,0,0
2018/1/23,火,0,0,0,0,0,0,0.3,1.2,0,0,0,0
2018/1/24,水,0.3,0,0,0,0,0.3,1.5,0,0,0.3,0,0
2018/1/25,木,0,0,0,0,0,0,0,0,0,0,0,0
2018/1/26,金,0,0,0,0,0,0,0,0,0,0.1,0.1,0
2018/1/27,土,0,0,0,0,0,0,0,0,0,0.1,0.1,0
2018/1/28,日,0,0,0,0,0,0,0,0,0,0.1,0.1,0
2018/1/29,月,0,0,0,0,0,0,0,0,0,0,0,0
2018/1/30,火,0,0,0,0,0,0.3,0,0,0,0,0,0
2018/1/31,水,0,0,0,0,0,0,0,0,0,0,0,0
2018/2/1,木,0,0,0,0,0,0,0.9,0,0,0,0,0
2018/2/2,金,0,0,0,0,0,0,0,0,0,0,0,0
2018/2/3,土,0,0,0,0,0.3,0,0,0,0,0,0,0
2018/2/4,日,0.6,0,0,0,0,0,0,0,0,0,0,0
2018/2/5,月,0,0.6,0,0,0,0.3,0,0,0.3,0,0.3,0.3
2018/2/6,火,0,0.3,0.3,0,0,0,0.6,0,0,0,0,0
2018/2/7,水,0,0,0,0,0.3,0,0,0,0,0,0,0
2018/2/8,木,0,0,0,0,0,0,0,0.3,0,0,0,0
2018/2/9,金,0.3,0,0.6,0,0,0.2,0.2,0.9,0.8,0.7,0.6,0.5
2018/2/10,土,0.3,0.6,0.9,0.3,0.3,0.2,0.2,0.9,0.8,0.7,0.6,0.5
2018/2/11,日,0.6,0.6,1.2,0.6,1.2,0.2,0.2,0.9,0.8,0.7,0.6,0.5
2018/2/12,月,0.3,0.3,0.6,1.2,0.6,0.2,0.2,0.9,0.8,0.7,0.6,0.5
2018/2/13,火,0.3,0,0,0,0,0.6,0.6,0.3,0.6,0,0,0
2018/2/14,水,3.1,1.9,3.7,2.5,3.7,0.9,2.2,2.8,3.7,1.9,2.3,1.2
2018/2/15,木,1.9,1.2,1.7,0.6,3.7,4.3,1.2,2.8,0.3,0.3,1.5,0.3
2018/2/16,金,3.7,2.2,6.2,3.7,8.1,4.8,4.4,2.5,1.2,1.3,0.4,0.2
2018/2/17,土,1.9,0.9,3.1,1.2,3.7,4.8,4.4,2.5,1.2,1.3,0.4,0.2
2018/2/18,日,1.2,0,0.6,0,1,4.8,4.4,2.5,1.2,1.3,0.4,0.2
2018/2/19,月,3.1,8.6,6.8,9.9,14.4,5.2,4.9,5.2,0.9,1.2,1.5,1.5
2018/2/20,火,17.6,8.6,23.8,13,32,20.4,9.4,9,3.4,2.8,6.2,11.7
2018/2/21,水,5.2,6.8,9,4.3,12.7,4.9,3.1,8.3,4.9,1.5,6.6,1.9
2018/2/22,木,0.6,1.5,0.3,0,2.2,0,0.9,0.3,0.6,0,0.3,0
2018/2/23,金,0.6,3.1,1.5,0.6,12.3,59.2,35.3,34.7,17.5,8.1,11.1,7.3
2018/2/24,土,99.1,71.6,103.4,21.6,131.2,59.2,35.3,34.7,17.5,8.1,11.1,7.3
2018/2/25,日,85.2,115.1,107.4,102.8,130.6,59.2,35.3,34.7,17.5,8.1,11.1,7.3
2018/2/26,月,49.1,49.4,15.4,32.1,100.9,14.2,7.1,17.6,8.6,7.1,4,4.5
2018/2/27,火,150.6,144.4,111.4,104.6,166.7,123.5,28.4,89.8,20.1,50.9,41,50.9
2018/2/28,水,43.5,14.8,330.2,45.7,7.4,12,0,37.3,21.9,53.7,89.8,3.4
2018/3/1,木,217,233.6,196,196,276.2,239.5,281.3,466.7,33,199.4,139.8,96.1
2018/3/2,金,158,188.3,278.8,114.2,236.4,355.6,197.8,514.6,48.8,214.4,42,209.4
2018/3/3,土,210.8,222.2,335.5,150,233.6,355.6,197.8,514.6,48.8,214.4,42,209.4
2018/3/4,日,252.8,156.5,172.5,210.2,272.5,355.6,197.8,514.6,48.8,214.4,42,209.4
2018/3/5,月,30.2,122.5,292.6,130,39.8,2048.5,420.1,331.2,131.2,281.5,97.2,33.6
2018/3/6,火,298.8,332.4,25,330.2,274.7,870.1,241.4,333.3,114.8,168.2,248.5,33.3
2018/3/7,水,27.2,14.8,172.8,35.2,54.3,52.5,28.1,12.3,29,13,9.9,1.5
2018/3/8,木,12.7,2.8,63.3,5.9,4.6,52.2,9.4,8.3,2.8,0.3,5.2,2.8
2018/3/9,金,105.9,196.9,253.8,193.5,157.7,1116.7,456,429.9,181.6,275.9,345,135.5
2018/3/10,土,291.6,265.1,488.6,334.6,275.6,1116.7,456,429.9,181.6,275.9,345,135.5
2018/3/11,日,264.5,313.6,287.4,280.9,265.1,1116.7,456,429.9,181.6,275.9,345,135.5
2018/3/12,月,283.6,246.6,354.3,299.4,252.1,727.2,261.7,337.7,308,328.4,306.2,101.1
2018/3/13,火,433,347.2,438.3,410.2,366.9,676.2,545.4,275.3,129,286.4,478.4,194.3
2018/3/14,水,244.1,283.7,272.5,240.5,350,650.9,373.4,218.2,267.9,266.6,296.6,78.2
2018/3/15,木,164.5,208,299.1,353.7,278.7,1334.9,256.2,702.8,242.3,298.4,493.8,72.8
2018/3/16,金,252.4,303.4,333.4,326.2,302.4,1320.6,332.9,214.6,182.3,294.7,161.9,111
2018/3/17,土,123.1,232.4,81.8,146.6,156.5,1320.6,332.9,214.6,182.3,294.7,161.9,111
2018/3/18,日,170.4,141.7,166.1,152.8,164.2,1320.6,332.9,214.6,182.3,294.7,161.9,111
2018/3/19,月,77.5,99.7,72.3,49.3,54.9,12.7,67.6,46.9,37.9,38.9,14.2,44.4
2018/3/20,火,93.9,224.1,296.3,313.5,233.7,42.6,8.7,38.3,5.9,72.1,5.9,18.2
2018/3/21,水,69.1,16.4,63.9,67.2,14.5,42.6,8.7,38.3,5.9,72.1,5.9,18.2
2018/3/22,木,80.9,80.9,193.5,109.2,154.7,356.1,285.8,99.4,161.7,111.4,109.8,61.1
2018/3/23,金,192,226.2,269.2,357.7,223.4,471.6,449,238.9,142.1,124.1,310.8,178
2018/3/24,土,43.2,79.4,148.2,121,168.8,471.6,449,238.9,142.1,124.1,310.8,178
2018/3/25,日,311.1,305.6,395.1,471.6,304.3,471.6,449,238.9,142.1,124.1,310.8,178
2018/3/26,月,343.2,477.2,609.7,613.4,610.8,786.1,599.7,466.1,340.4,427.8,416.3,401.1
2018/3/27,火,530.2,426,479.9,397.2,322.6,4309.9,348.5,319.8,247.8,390.7,275,151.2
2018/3/28,水,453,482.4,468.8,508.9,432.4,2523.4,918.8,867.9,812.4,669.2,534.3,329
2018/3/29,木,649.4,942,709,675.9,980.2,2814.5,4446.9,1746,865.5,1272.2,242.3,607.6
2018/3/30,金,589.8,503.4,642.9,472.6,747.8,236.2,669.1,410.9,356.9,393.7,226.7,271.4
2018/3/31,土,519.8,614.5,480.6,432.4,464,236.2,669.1,410.9,356.9,393.7,226.7,271.4
2018/4/1,日,439.2,396.9,541.1,303.1,462.3,236.2,669.1,410.9,356.9,393.7,226.7,271.4
2018/4/2,月,173.7,346.9,530.2,55.8,75.6,190.8,131.8,64.8,111.4,67,50.3,26.6
2018/4/3,火,628.4,595,840.7,334.8,657.4,846.6,1095.3,267.2,371,421,77.5,56.5
2018/4/4,水,844.7,805.9,584.9,379.9,602.1,574.6,1173.6,1295.1,328.1,766.6,559,242.9
2018/4/5,木,333.3,252.8,415.5,330.9,328.6,165.2,166.1,83.6,194.7,31.4,169,75
2018/4/6,金,203.7,145.7,322.5,279.4,38.9,106.6,100.4,101.4,82.7,39.2,78.4,70.7
2018/4/7,土,158,112.6,336.5,280.9,113.9,106.6,100.4,101.4,82.7,39.2,78.4,70.7
2018/4/8,日,36.7,90.1,218.2,123.8,136.7,106.6,100.4,101.4,82.7,39.2,78.4,70.7
2018/4/9,月,22.2,16,44.7,138.9,21,103.7,43.8,41.1,78.4,19.8,87.7,18.2
2018/4/10,火,247.9,9.3,25.6,24.7,15.7,59.3,19.6,12.9,35.1,3.7,12.9,28.8
2018/4/11,水,90.4,10.5,23.4,57.1,19.8,19.5,50.2,12.6,25.9,16,59.9,98.5
2018/4/12,木,63,254.9,119.1,169.7,90.7,111.7,115,16.1,101.3,56.8,27.4,22.1
2018/4/13,金,44.5,48.2,110.2,75.3,2.1,59.7,38.3,4.5,3.3,13.5,4.6,4.7
2018/4/14,土,3.1,6.5,203.4,97.2,6.2,59.7,38.3,4.5,3.3,13.5,4.6,4.7
2018/4/15,日,11.8,5.9,9.6,9.3,11.5,59.7,38.3,4.5,3.3,13.5,4.6,4.7
2018/4/16,月,2.5,9,17.3,12.7,6.2,10.5,14.8,5.5,10.2,7.1,7.7,11.7
2018/4/17,火,22.2,4.9,10.1,46.9,4.3,12.6,2.5,0.9,8.6,1.5,1.2,2.8
2018/4/18,水,5.9,1.8,21.3,6.8,1.9,2.8,4,1.9,1.9,1.5,0.3,2.2
2018/4/19,木,42.3,12.3,10.8,7.7,53.1,15.8,9.7,4.9,2.5,1.9,0,4.6
2018/4/20,金,37.7,61.8,59,48.5,31.7,15.6,29.7,10.6,0.5,15.3,1.4,12.2
2018/4/21,土,19.8,17.2,18.5,27.8,8.3,15.6,29.7,10.6,0.5,15.3,1.4,12.2
2018/4/22,日,8,8.3,8.6,11.4,17.3,15.6,29.7,10.6,0.5,15.3,1.4,12.2
2018/4/23,月,3.1,1.5,3.7,4,1.2,0.6,1.7,2.8,0.6,0.9,2.2,2.9
2018/4/24,火,11.7,9.8,16.4,4.9,7.4,1.5,6.3,0.9,1.8,6.2,3.7,1.9
2018/4/25,水,0.6,0,6.8,0.9,0.3,0.6,4.3,3.4,0,0,0,0.9
2018/4/26,木,3.7,1.9,4.9,6.2,4.9,1.5,4.8,2.5,1.2,0.3,3.7,2.8
2018/4/27,金,0.9,1.2,0.9,4,1.2,1.4,2.2,0.9,1.2,0.2,1.1,2
2018/4/28,土,0.3,0.6,1.9,0.6,0.6,1.4,2.2,0.9,1.2,0.2,1.1,2
2018/4/29,日,0.6,0.3,0.6,0.9,0.9,1.4,2.2,0.9,1.2,0.2,1.1,2
2018/4/30,月,0.3,1.2,0.6,0.9,0.9,1.4,2.2,0.9,1.2,0.2,1.1,2
2018/5/1,火,1.5,0.9,0.6,0.9,2.2,1.2,0.6,1.2,0.3,0,2.5,0.6
2018/5/2,水,1.8,0.3,42.6,8.3,0.6,0.7,1.4,0.3,0.4,0.2,0.4,0.6
2018/5/3,木,0.3,0.6,0.3,0.9,0.6,0.7,1.4,0.3,0.4,0.2,0.4,0.6
2018/5/4,金,0.3,0.3,0.3,0.9,0.3,0.7,1.4,0.3,0.4,0.2,0.4,0.6
2018/5/5,土,0,0.3,0.3,0.6,0.3,0.7,1.4,0.3,0.4,0.2,0.4,0.6
2018/5/6,日,0.6,0,0.6,1.2,0.3,0.7,1.4,0.3,0.4,0.2,0.4,0.6
2018/5/7,月,0.3,5.2,0,1.9,1.9,0,0,0,0,2.8,0,0
2018/5/8,火,9.2,0,2.4,1.8,0,0,0,0,0.6,3.1,0,0
2018/5/9,水,4.7,0,5.5,0,0,0,0.6,0.3,0.3,0,0,0
2018/5/10,木,0,0,0,0,0.9,0,0,0,0,0,0,0
2019/1/10,木,0.0,0.0,0.0,0.0,0.0,0.0,0.0,0.0,0.0,0.0,0.0,0.0
2019/1/11,金,0.0,0.0,0.0,0.0,0.3,0.0,0.2,0.0,0.0,0.0,0.1,0.0
2019/1/12,土,0.0,0.0,0.0,0.0,0.0,0.0,0.2,0.0,0.0,0.0,0.1,0.0
2019/1/13,日,0.0,0.0,0.0,0.0,0.0,0.0,0.2,0.0,0.0,0.0,0.1,0.0
2019/1/14,月,0.0,0.0,0.0,0.0,0.0,0.0,0.2,0.0,0.0,0.0,0.1,0.0
2019/1/15,火,0.3,0.0,0.3,0.0,0.0,0.0,0.0,0.3,0.0,0.0,0.0,0.0
2019/1/16,水,0.6,0.0,0.0,0.0,0.0,0.0,0.0,0.0,0.0,0.0,0.0,0.0
2019/1/17,木,0.0,0.3,0.0,0.0,0.3,0.0,0.0,0.0,0.3,0.0,0.0,0.0
2019/1/18,金,0.0,0.0,0.0,0.0,0.0,0.0,0.0,0.0,0.0,0.0,0.0,0.0
2019/1/19,土,0.0,0.0,0.0,0.0,0.0,0.0,0.0,0.0,0.0,0.0,0.0,0.0
2019/1/20,日,0.0,0.0,0.0,0.0,0.0,0.0,0.0,0.0,0.0,0.0,0.0,0.0
2019/1/21,月,0.0,0.0,0.0,0.0,0.3,0.0,0.0,0.0,0.0,0.0,0.3,0.0
2019/1/22,火,0.0,0.0,0.0,0.0,0.0,0.0,0.6,0.0,0.0,0.0,0.0,0.0
2019/1/23,水,0.0,0.0,0.0,0.0,0.6,0.0,0.3,0.0,0.0,0.0,0.0,0.0
2019/1/24,木,0.0,0.0,0.0,0.3,0.0,0.3,0.0,0.0,0.0,0.0,0.3,0.3
2019/1/25,金,0.0,0.0,0.0,0.0,0.0,0.2,0.0,0.1,0.1,0.0,0.0,0.0
2019/1/26,土,0.0,0.0,0.3,0.0,0.0,0.2,0.0,0.1,0.1,0.0,0.0,0.0
2019/1/27,日,0.0,0.0,0.3,0.0,0.3,0.2,0.0,0.1,0.1,0.0,0.0,0.0
2019/1/28,月,0.0,0.3,0.0,0.0,0.3,0.0,0.0,0.3,0.3,0.3,0.3,0.0
2019/1/29,火,0.9,0.6,0.0,0.0,0.0,0.9,0.6,0.0,0.0,0.0,0.0,0.0
2019/1/30,水,0.3,0.0,0.0,0.0,0.0,0.0,0.0,0.0,0.0,0.0,0.0,0.0
2019/1/31,木,0.0,0.6,0.0,0.3,0.3,0.0,0.0,0.0,0.0,0.0,0.0,0.3
2019/2/1,金,0.0,0.0,0.0,0.9,0.0,0.1,0.1,0.1,0.0,0.1,0.0,0.2
2019/2/2,土,0.0,0.3,0.3,0.0,0.0,0.1,0.1,0.1,0.0,0.1,0.0,0.2
2019/2/3,日,0.0,1.2,0.3,0.3,0.3,0.1,0.1,0.1,0.0,0.1,0.0,0.2
2019/2/4,月,0.6,0.9,0.6,0.3,0.6,0.0,0.6,0.0,0.0,0.0,1.5,0.3
2019/2/5,火,0.0,0.0,0.3,0.3,0.0,0.3,0.0,0.0,0.0,0.0,0.0,0.0
2019/2/6,水,0.3,0.0,0.0,0.0,0.0,0.0,0.0,0.0,0.0,0.0,0.0,0.0
2019/2/7,木,4.9,2.8,3.4,2.2,3.1,2.5,2.2,2.8,0.6,1.2,0.6,0.3
2019/2/8,金,0.0,0.3,0.6,0.3,0.6,0.0,0.0,0.0,0.1,0.2,0.2,0.0
2019/2/9,土,0.0,0.0,0.0,0.0,0.0,0.0,0.0,0.0,0.1,0.2,0.2,0.0
2019/2/10,日,0.3,0.6,0.0,0.3,0.3,0.0,0.0,0.0,0.1,0.2,0.2,0.0
2019/2/11,月,0.6,0.0,0.0,0.6,1.2,0.0,0.0,0.0,0.1,0.2,0.2,0.0
2019/2/12,火,0.9,0.6,0.3,0.0,1.9,0.6,0.3,0.0,0.0,0.3,0.0,0.0
2019/2/13,水,0.9,0.6,1.5,0.9,0.9,0.6,0.0,0.3,0.0,0.0,1.2,0.3
2019/2/14,木,0.0,0.0,1.8,0.0,0.0,0.6,0.0,0.3,0.0,0.6,0.0,0.3
2019/2/15,金,2.1,2.7,2.4,2.1,4.3,1.1,3.0,0.3,0.0,0.6,0.4,0.7
2019/2/16,土,0.9,0.0,0.6,0.6,0.3,1.1,3.0,0.3,0.0,0.6,0.4,0.7
2019/2/17,日,0.3,0.0,1.5,0.0,0.3,1.1,3.0,0.3,0.0,0.6,0.4,0.7
2019/2/18,月,4.6,3.4,7.4,5.2,4.9,2.5,8.3,4.6,4.0,8.6,10.8,7.3
2019/2/19,火,8.3,32.1,17.5,5.5,17.6,10.2,30.9,33.3,7.1,31.2,13.6,22.5
2019/2/20,水,43.5,20.1,76.2,46.2,69.4,138.6,56.6,50.9,19.4,68.7,27.5,64.5
2019/2/21,木,11.7,21.0,20.7,8.3,30.2,118.8,41.4,96.6,16.4,75.9,52.5,16.4
2019/2/22,金,46.3,122.5,33.6,38.3,108.0,60.7,87.2,60.4,31.2,45.6,45.2,31.3
2019/2/23,土,0.9,50.3,16.0,8.0,21.0,60.7,87.2,60.4,31.2,45.6,45.2,31.3
2019/2/24,日,29.6,82.1,75.6,103.4,27.5,60.7,87.2,60.4,31.2,45.6,45.2,31.3
2019/2/25,月,80.6,232.1,142.9,196.3,171.6,135.2,136.4,118.2,146.0,151.2,55.6,99.2
2019/2/26,火,203.1,201.5,203.7,214.8,137.3,304.9,166.4,184.6,158.6,129.6,159.9,126.5
2019/2/27,水,123.5,63.9,129.6,122.8,107.4,58.3,21.9,17.0,11.4,61.1,56.5,54.6
2019/2/28,木,23.5,1.9,17.9,8.3,9.0,50.0,2.2,2.5,0.3,6.5,1.2,0.3
2019/3/1,金,79.0,122.5,131.5,116.4,62.7,71.4,290.9,18.5,7.2,96.4,88.8,68.5
2019/3/2,土,173.5,221.9,232.7,238.6,223.8,71.4,290.9,18.5,7.2,96.4,88.8,68.5
2019/3/3,日,16.4,4.3,2.8,7.1,2.2,71.4,290.9,18.5,7.2,96.4,88.8,68.5
2019/3/4,月,23.1,15.7,3.4,3.4,3.1,4.3,1.7,3.4,4.6,4.9,3.1,1.2
2019/3/5,火,270.7,326.2,322.8,260.2,243.2,367.3,247.8,170.7,228.7,131.8,235.2,143.8
2019/3/6,水,54.3,92.6,12.3,25.6,74.1,146.3,41.4,38.0,1.2,39.5,34.9,14.5
2019/3/7,木,57.4,170.1,104.9,67.9,7.4,324.1,359.1,214.5,125.6,157.7,76.5,54.5
2019/3/8,金,188.3,174.4,349.4,127.8,210.8,115.0,84.1,111.9,82.3,49.0,57.0,9.4
2019/3/9,土,168.5,66.4,252.5,164.2,166.0,115.0,84.1,111.9,82.3,49.0,57.0,9.4
2019/3/10,日,95.2,179.6,39.5,49.4,78.1,115.0,84.1,111.9,82.3,49.0,57.0,9.4